1.218421053,0.576054337,0.448046162,0.112794761,0.759283052,1.345846423,0.189584102,0.003472138,0.000563304,8.03E-07,-2.82E-12,-2.93E-08,-1.68E-11,0
1.400630915,0.613088641,0.468107998,0.116615898,0.796615646,1.401334134,0.193522484,0.005179368,0.000332806,3.34E-07,-2.48E-12,-1.65E-08,2.49E-12,0
1.4,0.629952583,0.481020168,0.13659884,0.846852166,1.416239586,0.18245349,0.003627453,9.57E-05,3.31E-07,9.10E-13,-1.55E-08,-1.63E-12,0
1.134969325,0.652470569,0.51040115,0.136366746,0.847792482,1.17253414,0.178380485,0.001481466,0.000464971,1.93E-06,-5.70E-11,3.17E-08,-9.24E-12,0
1.276315789,0.562453371,0.435240717,0.123106589,0.827992686,1.328394359,0.18756002,0.003524312,0.00045538,6.14E-07,8.02E-13,-2.49E-08,-1.02E-11,0
1.238227147,0.595763074,0.46261047,0.121275235,0.798127893,1.297769988,0.184896109,0.002595017,0.000326569,2.32E-06,-2.85E-11,1.04E-07,5.72E-11,0
1.231343284,0.575061561,0.446797339,0.08675326,0.829781988,1.240335584,0.180926376,0.001925437,0.000357897,5.33E-07,-2.57E-12,-2.33E-09,6.90E-12,0
1.25,0.629116682,0.488006999,0.113016144,0.808719499,1.35428209,0.1899964,0.004199264,0.000445744,2.92E-07,-1.70E-12,-1.59E-08,-2.87E-12,0
1.220125786,0.660588083,0.513724231,0.121912275,0.824788379,1.244758529,0.183618589,0.003040326,0.000334108,1.55E-07,5.55E-13,-7.29E-10,-9.69E-13,0
1.3115727,0.585929213,0.451827103,0.122478748,0.817387029,1.351818969,0.184193226,0.003151908,0.000650955,2.00E-06,3.11E-11,-4.14E-08,-6.52E-11,0
1.262430939,0.631109687,0.489003183,0.123497718,0.84318191,1.294772845,0.180367948,0.002627337,0.000276471,1.34E-06,-1.95E-11,-1.87E-09,-1.70E-11,0
1.163682864,0.588550069,0.459600736,0.135168516,0.810832159,1.208032725,0.17667097,0.001747363,6.12E-06,1.47E-05,3.75E-11,-6.00E-07,-1.35E-10,0
1.199453552,0.545931513,0.425247611,0.132249724,0.819888491,1.29679209,0.184438377,0.002779099,0.000468216,4.71E-06,-2.21E-10,2.98E-08,-3.84E-12,0
1.24382716,0.642377386,0.498564499,0.116756049,0.831559537,1.302070357,0.186867772,0.004163481,0.000438023,1.92E-06,-2.57E-11,-8.28E-08,4.93E-11,0
1.32320442,0.607708855,0.46805569,0.095671061,0.793418516,1.414313862,0.189198598,0.004707839,0.000327488,1.16E-06,2.00E-11,2.05E-08,1.04E-11,0
1.09919571,0.601304518,0.471208921,0.132440655,0.853810264,1.087366653,0.174501609,0.000491934,0.00030766,6.59E-06,2.69E-10,-1.46E-07,-1.25E-10,0
1.214076246,0.626294502,0.487292008,0.124859478,0.821561977,1.189083439,0.182010954,0.002529502,0.00027332,1.58E-07,4.37E-13,7.61E-09,9.45E-13,0
1.189333333,0.61387145,0.478527742,0.10735687,0.78918948,1.229146084,0.189092972,0.002721937,0.000437351,9.38E-07,-1.81E-11,3.01E-08,-5.85E-12,0
1.154255319,0.580167173,0.45332593,0.116595202,0.806305731,1.265520092,0.186197228,0.002764429,0.000511913,5.81E-06,-3.06E-10,-3.22E-08,8.37E-11,0
1.252808989,0.524695168,0.406905029,0.115981607,0.765690127,1.298685783,0.189999399,0.002746105,0.000581727,6.18E-06,-2.53E-10,-1.02E-07,-2.71E-10,0
1.145299145,0.640331108,0.500607891,0.14527151,0.860659173,1.208298419,0.174153884,0.001405003,0.000299724,2.80E-06,-7.09E-11,4.13E-08,3.96E-11,0
1.060913706,0.601085663,0.471679159,0.134867493,0.813710622,1.101494566,0.173989182,0.000559814,0.000104435,1.31E-05,4.63E-10,-2.99E-07,1.42E-10,0
1.339622642,0.617234328,0.474559632,0.139773869,0.83600034,1.322084628,0.181823181,0.003380897,0.000140562,1.08E-06,-1.25E-11,1.60E-08,4.53E-12,0
1.069970845,0.479734829,0.37635233,0.118116793,0.772145506,1.070422645,0.18317919,5.72E-05,0.000609988,3.79E-05,5.14E-09,-9.72E-08,-2.61E-09,0
1.272222222,0.593977438,0.459812944,0.120060858,0.799978762,1.314980991,0.184365817,0.003358122,0.000150216,5.89E-06,-1.46E-10,-2.82E-08,9.74E-11,0
1.270967742,0.548906992,0.424972896,0.11996321,0.781146958,1.343526171,0.1958623,0.005575264,0.000398755,1.64E-06,-4.12E-11,3.33E-08,8.58E-12,0
1.176811594,0.634607696,0.495131392,0.135485305,0.834161494,1.192662214,0.175759798,0.001095326,0.000200651,3.40E-06,-7.83E-11,2.50E-08,-4.16E-11,0
1.247787611,0.584726319,0.453662245,0.122029898,0.792083697,1.245720274,0.185678688,0.003001741,0.000359998,4.98E-06,-1.97E-10,4.33E-08,-7.43E-11,0
1.31884058,0.578050645,0.445416479,0.118884639,0.78793602,1.380770389,0.193056271,0.004940228,0.000418665,1.33E-05,-9.88E-10,1.33E-07,1.09E-10,0
1.175675676,0.6638863,0.518015553,0.147411927,0.886132374,1.149197447,0.172346416,0.001244236,0.000184494,1.56E-06,1.62E-11,-5.17E-08,-2.08E-11,0
1.422360248,0.491157883,0.374027157,0.112531913,0.835470049,1.526860915,0.190700954,0.006073508,0.001158852,0.000199428,9.52E-08,1.54E-05,-1.10E-08,1
1.22459893,0.473594797,0.368169004,0.091846898,0.790880641,1.39369621,0.199756362,0.005041347,0.002006646,0.000138689,7.17E-08,9.77E-06,-1.44E-08,1
1.843881857,0.497856501,0.356585801,0.098527417,0.796159904,2.205633778,0.253694693,0.030043994,0.004340135,0.001235295,2.84E-06,0.000211709,-3.55E-07,1
1.698795181,0.442740228,0.324414327,0.089838446,0.760819024,1.886864327,0.262720283,0.029629294,0.005474993,0.001236977,3.20E-06,0.000211595,3.66E-07,1
1.502057613,0.524753368,0.395546082,0.124552032,0.852982681,1.572351625,0.203739596,0.011110324,0.001447295,0.000219458,1.24E-07,2.31E-05,3.36E-09,1
1.154061625,0.536771505,0.419422841,0.124406595,0.831859106,1.247902719,0.183466206,0.001854686,0.001302139,0.000103928,3.82E-08,4.44E-06,1.68E-09,1
1.575107296,0.601501561,0.44885505,0.147266887,0.91108769,1.690724556,0.195179441,0.009457502,0.001110103,0.000160502,6.77E-08,1.56E-05,-2.12E-10,1
1.257763975,0.4622805,0.358341841,0.099199843,0.787923542,1.383280819,0.210430539,0.007020489,0.003510624,0.000277835,2.70E-07,2.29E-05,-4.68E-08,1
1.413580247,0.47056782,0.358731142,0.098776121,0.789959839,1.611425078,0.21300276,0.011679422,0.002400559,0.000406553,4.00E-07,4.34E-05,3.29E-08,1
1.365079365,0.510749354,0.391583301,0.109186946,0.813606962,1.525598525,0.196692988,0.006335172,0.001539301,0.000233284,1.40E-07,1.86E-05,-1.42E-10,1
1.261096606,0.43366092,0.336054937,0.083220326,0.750479442,1.432965394,0.219798329,0.009623369,0.00368356,0.000329068,2.77E-07,2.63E-05,2.34E-07,1
1.54,0.531158442,0.398315538,0.11738455,0.854923536,1.812006598,0.204625699,0.012194552,0.000985624,0.000124923,4.27E-08,1.34E-05,-1.01E-08,1
1.435582822,0.616964239,0.469064227,0.116862542,0.893742879,1.463668742,0.182717373,0.004642061,0.000521242,7.60E-05,1.45E-08,4.83E-06,-4.36E-09,1
1.224025974,0.453537841,0.352593519,0.096496161,0.754630194,1.402430789,0.207890434,0.006342472,0.002345766,0.000342344,3.03E-07,2.70E-05,-4.89E-08,1
1.34939759,0.511621262,0.392939194,0.100864997,0.791476416,1.59352274,0.202029297,0.007769633,0.001632004,0.000153412,7.50E-08,1.31E-05,-1.64E-08,1
1.250704225,0.446466184,0.346302964,0.097313701,0.777269087,1.411275438,0.209485953,0.008490706,0.002539097,0.000183055,1.25E-07,1.68E-05,1.31E-09,1
1.299711816,0.440826342,0.340343644,0.106454135,0.786380709,1.385577185,0.199608704,0.006005165,0.0024136,0.000311798,2.62E-07,2.39E-05,6.74E-08,1
1.114666667,0.466736842,0.365496423,0.101289682,0.773224968,1.203111209,0.192683961,0.001939608,0.001864,0.00013253,6.26E-08,5.54E-06,-2.06E-08,1
1.321100917,0.605409021,0.466387292,0.125031487,0.885358165,1.500729524,0.182877404,0.004290032,0.000891563,4.29E-05,8.03E-09,2.74E-06,-2.47E-09,1
1.248484848,0.515427332,0.399871694,0.113383588,0.834345347,1.437724839,0.191703331,0.005554762,0.001144776,7.67E-05,2.18E-08,5.49E-06,-6.31E-09,1
1.324758842,0.526574158,0.405499595,0.103901148,0.799424167,1.442121854,0.194161693,0.004058764,0.001104887,0.000193216,8.90E-08,1.23E-05,-7.17E-09,1
1.275229358,0.517574931,0.400553971,0.112887405,0.82971532,1.404177241,0.190681391,0.004865557,0.001202348,8.48E-05,1.49E-08,4.28E-06,-2.26E-08,1
1.285302594,0.421808971,0.326124663,0.097527487,0.74231165,1.376730145,0.214193528,0.007994506,0.00298988,0.00043562,4.60E-07,3.86E-05,1.89E-07,1
1.821276596,0.512641678,0.368509221,0.115396316,0.856268631,2.035658993,0.218764747,0.01792522,0.001711134,0.000427288,3.65E-07,5.59E-05,1.79E-08,1
1.481727575,0.460583556,0.348111565,0.088567517,0.764210409,1.630358959,0.230446113,0.013833967,0.004344786,0.000472486,6.72E-07,5.56E-05,8.31E-08,1
1.019955654,0.6857587,0.538541057,0.16399587,0.895913625,1.110772667,0.165312792,0.000312013,3.09E-05,3.87E-06,-4.19E-11,-6.27E-08,6.37E-12,2
1.107594937,0.711884669,0.557655746,0.168954233,0.914536092,1.237275578,0.166558924,0.00119365,4.03E-06,5.56E-07,-4.39E-13,-1.15E-08,-7.07E-13,2
1.049356223,0.661558581,0.519285519,0.169615589,0.894519325,1.119587083,0.167011959,0.000833082,5.38E-05,1.53E-06,1.34E-11,-4.13E-08,3.23E-12,2
1.099099099,0.595058173,0.466315944,0.147375108,0.843396402,1.140668958,0.171539918,0.00011396,0.000135914,2.33E-05,-7.38E-10,2.03E-07,-1.09E-09,2
1.022633745,0.668252312,0.524778417,0.164121151,0.901377383,1.147355186,0.166561059,0.000713876,7.71E-05,7.57E-07,5.74E-12,-1.91E-08,7.67E-13,2
1.097664544,0.661960436,0.518775512,0.16666071,0.890226627,1.170094139,0.168280258,0.001121011,1.24E-05,3.05E-06,1.74E-12,-6.97E-08,-1.87E-11,2
1.341176471,0.742921379,0.571097624,0.056950515,0.745105805,1.147263887,0.289016534,0.008570018,8.71E-05,0.000163818,-1.94E-08,-1.51E-05,-2.28E-09,2
1.080097087,0.672700993,0.527554734,0.170979714,0.899076015,1.082344785,0.16427455,0.000153937,3.44E-05,2.96E-06,2.98E-11,-1.65E-08,9.29E-13,2
1.030612245,0.671489821,0.527267015,0.169693272,0.892711735,1.125083855,0.166448927,0.000666686,1.40E-05,2.36E-06,7.04E-12,-6.07E-08,-1.15E-11,2
1.079207921,0.646788991,0.507249671,0.165943631,0.883875372,1.136979793,0.169536726,0.001040649,0.000105436,2.80E-06,2.78E-11,-5.76E-08,3.94E-11,2
1.077562327,0.656751811,0.515092739,0.164432487,0.880877563,1.023486916,0.16508161,2.45E-05,1.86E-06,5.63E-06,-1.57E-11,-9.79E-09,9.31E-12,2
1.033707865,0.68271617,0.536056722,0.170643277,0.9077782,1.105198298,0.16559665,0.000484199,5.22E-05,1.51E-06,7.48E-12,-3.18E-08,-1.11E-11,2
1.015673981,0.67840764,0.532787896,0.172874317,0.896310831,1.10185335,0.166044994,0.000322315,3.34E-05,4.96E-06,-4.93E-11,4.09E-09,4.06E-11,2
1.043010753,0.692943133,0.543995051,0.168700785,0.916069733,1.135597429,0.16487006,0.000553883,2.87E-05,9.29E-07,4.77E-12,-2.15E-08,4.16E-13,2
1.037946429,0.632790899,0.496820501,0.163157073,0.891364469,1.126344,0.167618685,0.000453058,0.000157042,3.51E-06,6.20E-11,-7.22E-08,-5.45E-11,2
1.008130081,0.655385815,0.514730378,0.166807528,0.893745219,1.053494233,0.164766535,8.96E-05,1.58E-05,3.93E-06,-2.44E-11,-4.85E-09,-1.90E-11,2
1.066282421,0.646939014,0.507581871,0.167114014,0.87904011,1.030896199,0.165868769,4.57E-05,3.54E-05,6.26E-06,7.74E-11,-4.23E-08,5.20E-11,2
1.036960986,0.666247179,0.523097026,0.169321567,0.896086779,1.130413073,0.16610508,0.000719783,9.32E-06,2.64E-06,-1.24E-11,-2.36E-08,-4.18E-12,2
1.1043257,0.627361311,0.491517366,0.156185561,0.867535521,1.152504542,0.16656019,0.000235121,2.94E-05,6.92E-06,-9.59E-11,7.05E-08,2.26E-11,2
1.074175824,0.709413029,0.556459128,0.173901097,0.904794763,1.106380792,0.164915823,0.00036343,3.38E-05,2.04E-06,1.85E-13,-3.44E-08,-1.69E-11,2
1.115879828,0.693820155,0.54329063,0.15767395,0.899603777,1.249180194,0.167801227,0.001511089,1.49E-05,1.35E-07,1.60E-13,-4.48E-09,-1.06E-13,2
1.017156863,0.718733759,0.564451337,0.165646496,0.898231525,1.13545391,0.165709526,0.000504482,6.77E-06,1.67E-06,5.60E-12,-3.56E-08,-4.02E-13,2
1.140449438,0.619188299,0.484215517,0.154971553,0.858980204,1.109631314,0.168451142,5.37E-05,5.62E-05,1.49E-05,-1.93E-10,7.40E-08,3.85E-10,2
1.105540897,0.549710014,0.430656466,0.150870544,0.850127576,1.095100948,0.170680649,0.000397235,0.000226431,6.55E-06,1.82E-10,-1.08E-07,1.75E-10,2
1.09010989,0.66860156,0.524142405,0.169927336,0.893845151,1.146748694,0.167809764,0.001031536,2.14E-05,2.67E-06,-2.46E-12,-5.94E-08,-2.00E-11,2
1.0625,0.663614706,0.520723165,0.167938307,0.894628951,1.06313259,0.164096782,7.18E-05,3.04E-05,3.06E-06,2.80E-11,-2.35E-10,9.24E-12,2
1.018567639,0.682940981,0.536335209,0.16860271,0.892491706,1.054612655,0.16456937,7.56E-05,1.94E-06,3.02E-06,7.30E-12,-2.61E-08,4.05E-13,2
1.049180328,0.672661453,0.528002765,0.159291816,0.876132513,1.161455758,0.16752234,0.000834183,2.10E-06,3.35E-06,-2.37E-12,-8.40E-08,-8.58E-12,2
1.117647059,0.636381579,0.498270291,0.156559909,0.870716998,1.153675775,0.16833025,0.000840063,2.33E-05,2.70E-06,2.05E-11,-7.77E-08,6.23E-12,2
1.8984375,0.74139982,0.526345329,0.164485906,0.984471221,1.828282702,0.190127104,0.010413186,0.000140742,1.86E-05,9.29E-10,1.78E-06,2.09E-10,3
1.572815534,0.714840785,0.53360475,0.186415946,0.989186724,1.548430138,0.175153849,0.00505969,3.95E-05,4.65E-06,6.30E-11,3.30E-07,-5.41E-13,3
1.766129032,0.731109147,0.530163287,0.176199181,0.989219185,1.769053947,0.186558496,0.009039169,0.000155595,2.09E-05,1.18E-09,1.97E-06,-1.12E-10,3
1.840816327,0.731390561,0.524111116,0.165424374,0.989537098,1.749387852,0.185795151,0.009033496,1.24E-05,1.89E-06,8.87E-12,1.61E-07,-2.19E-12,3
1.615598886,0.718134665,0.532778906,0.172245305,0.975391791,1.613001359,0.180249368,0.006355116,0.000256897,2.43E-05,1.82E-09,1.80E-06,-6.08E-10,3
1.743589744,0.750207775,0.54593055,0.194090249,0.987235249,1.699408634,0.182633714,0.007777895,5.64E-05,5.92E-06,1.02E-10,4.29E-07,-3.67E-11,3
1.659701493,0.713950929,0.526238267,0.157796194,0.986765753,1.633189137,0.179407745,0.006200852,0.000182148,2.03E-05,1.21E-09,1.51E-06,-1.99E-10,3
1.694244604,0.699632651,0.513005486,0.110826272,0.975513268,1.576533544,0.179377757,0.00626581,2.84E-05,2.45E-06,2.00E-11,1.83E-07,-4.65E-12,3
1.884920635,0.698546366,0.497016079,0.171308343,0.987714988,1.848199789,0.189824724,0.010435025,9.77E-07,3.01E-07,1.63E-13,2.79E-08,-3.53E-15,3
1.586092715,0.724733509,0.539968722,0.172016384,0.987505298,1.561855254,0.176331942,0.005343897,0.00010993,1.10E-05,3.82E-10,8.03E-07,-1.15E-11,3
1.576623377,0.731742228,0.545926363,0.176096708,0.98552867,1.57696493,0.175544069,0.005159504,7.82E-05,7.19E-06,1.70E-10,5.15E-07,1.07E-11,3
1.607142857,0.738781746,0.548770622,0.191811192,0.98634702,1.594431086,0.177303511,0.005679908,0.000118294,9.66E-06,3.25E-10,7.21E-07,-2.92E-11,3
1.581395349,0.749092757,0.558491903,0.189296128,0.98582877,1.579932473,0.175345215,0.005109924,7.07E-05,5.42E-06,1.05E-10,3.76E-07,-1.30E-11,3
1.682926829,0.719124347,0.528203704,0.139786354,0.982295781,1.624869962,0.179497971,0.006499268,4.95E-05,6.01E-06,1.04E-10,4.79E-07,-3.85E-12,3
1.624113475,0.738281613,0.547045024,0.162900409,0.987699527,1.604456836,0.178594102,0.00620783,0.000100242,9.82E-06,3.06E-10,7.62E-07,-3.81E-11,3
1.667924528,0.720750448,0.530596168,0.178335643,0.972183516,1.690058153,0.181642762,0.00665805,0.000238698,3.53E-05,3.19E-09,2.84E-06,-5.31E-10,3
1.619565217,0.717144085,0.531736293,0.1880179,0.991683246,1.576189742,0.177000961,0.005699861,6.83E-05,7.45E-06,1.68E-10,5.60E-07,7.93E-12,3
1.654205607,0.689643945,0.508739155,0.147769657,0.987114246,1.582768394,0.178100981,0.005873863,6.45E-05,7.79E-06,1.72E-10,5.36E-07,-3.27E-11,3
1.733590734,0.74717304,0.544566166,0.164724122,0.987223624,1.668670006,0.182697212,0.007882839,2.30E-05,2.92E-06,2.40E-11,2.59E-07,8.17E-13,3
1.565217391,0.70809011,0.529132838,0.192768406,0.987155877,1.545543726,0.174738545,0.004896238,4.09E-05,4.17E-06,5.38E-11,2.77E-07,-7.97E-12,3
1.693548387,0.766482335,0.562082506,0.184262331,0.98729719,1.679086708,0.180572702,0.007162753,1.67E-05,1.71E-06,9.12E-12,1.44E-07,-2.41E-13,3
1.46373057,0.716837086,0.543056551,0.172809348,0.976349284,1.450549828,0.171602735,0.003549826,0.000141845,9.46E-06,3.37E-10,5.35E-07,-7.98E-11,3
1.743589744,0.67096454,0.488264788,0.180037867,0.987798454,1.748363798,0.185548692,0.008223471,0.000206491,3.58E-05,3.02E-09,3.10E-06,5.87E-10,3
1.70703125,0.738477903,0.540433561,0.143519313,0.986288777,1.661988861,0.18254237,0.007489865,0.000156716,1.71E-05,8.84E-10,1.48E-06,-1.78E-11,3
1.341176471,0.57881679,0.444947342,0.06136559,0.641485256,1.709576592,0.286536253,0.003532091,0.002735971,0.000849923,-3.88E-07,-6.35E-06,1.24E-06,3
1.723577236,0.752022933,0.548949401,0.184794113,0.98813318,1.681030345,0.18224134,0.007718151,2.10E-05,2.65E-06,1.98E-11,2.33E-07,5.42E-13,3
1.584415584,0.729371806,0.54355469,0.140991918,0.980624992,1.508752229,0.17454844,0.004837892,1.30E-05,9.59E-07,3.09E-12,4.71E-08,1.37E-12,3
1.595394737,0.746727482,0.555614184,0.188549284,0.985344789,1.59291556,0.177991888,0.005771402,0.000181294,1.41E-05,7.11E-10,1.07E-06,-3.96E-11,3
1.764505119,0.729781293,0.529335139,0.1541608,0.987758895,1.684470876,0.184011993,0.008056023,0.000147577,1.90E-05,1.01E-09,1.70E-06,3.75E-11,3
1.621908127,0.721417739,0.534721935,0.189679305,0.988496896,1.582858319,0.176619117,0.005706157,3.23E-06,4.33E-07,5.01E-13,2.81E-08,-1.06E-13,3
1.611940299,0.716292669,0.531695322,0.187158329,0.981454853,1.618479305,0.179766034,0.006345512,0.000213174,2.02E-05,1.29E-09,1.54E-06,2.94E-10,3
1.670498084,0.750905128,0.552581554,0.199089238,0.991161323,1.632860608,0.179591559,0.006839574,1.31E-05,5.65E-07,-1.39E-13,-1.73E-08,1.53E-12,3
1.733333333,0.751711538,0.547895815,0.178017234,0.98722892,1.706674772,0.183383206,0.008034613,5.88E-05,4.93E-06,6.81E-11,2.82E-07,4.89E-11,3
1.341176471,0.633204861,0.486756475,0.063643214,0.658022226,3.020588311,0.277388726,0.001759794,0.001334109,0.000905984,-3.29E-07,1.21E-05,9.40E-07,3
1.862068966,0.730566987,0.521729614,0.175494609,0.987579261,1.8367533,0.188744687,0.009992802,8.13E-05,1.33E-05,4.33E-10,1.30E-06,-4.70E-11,3
1.73,0.732026333,0.533823128,0.154015423,0.984134043,1.670480594,0.181766134,0.00736314,7.86E-05,8.49E-06,2.07E-10,6.24E-07,-7.18E-11,3
1.843304843,0.652551553,0.467428313,0.139893422,0.964546878,1.955828808,0.197011175,0.012524712,0.000194409,2.63E-05,1.65E-09,1.57E-06,9.13E-10,4
1.692546584,0.682087298,0.500269486,0.158789649,0.971287265,1.683407378,0.182269195,0.007400909,2.76E-05,5.17E-06,6.18E-11,4.15E-07,3.02E-12,4
1.803977273,0.655563261,0.472548689,0.135157614,0.955383718,1.765068284,0.187850808,0.009134615,0.000186365,3.12E-05,2.34E-09,2.88E-06,4.00E-10,4
1.858585859,0.674882887,0.482234675,0.153112863,0.963898351,1.873320244,0.191889934,0.010774808,0.000169058,3.76E-05,3.00E-09,3.90E-06,7.06E-11,4
1.78343949,0.66940116,0.484095609,0.148663148,0.952511005,1.82055536,0.18915542,0.009718878,8.71E-05,1.49E-05,5.35E-10,1.44E-06,-3.36E-11,4
1.591772152,0.709266553,0.528015434,0.152110847,0.943358255,1.578177535,0.178568972,0.005489359,0.000192762,1.88E-05,9.13E-10,7.93E-07,6.76E-10,4
1.707964602,0.661819025,0.484263816,0.146633796,0.953094563,1.77157912,0.186927354,0.008775604,0.000152118,2.54E-05,1.57E-09,2.37E-06,7.44E-11,4
1.922077922,0.623815374,0.441157179,0.132609212,0.924725413,1.977884059,0.198845794,0.012907608,0.000187024,1.16E-05,-4.44E-10,-1.15E-06,3.10E-10,4
1.965079365,0.634353925,0.445439734,0.118153556,0.946217105,1.963394605,0.201014981,0.01343291,0.000557166,0.000138201,3.80E-08,1.56E-05,5.03E-09,4
1.795180723,0.663325281,0.478811765,0.149528231,0.9528281,1.79574273,0.187861969,0.009400387,0.000102727,2.05E-05,9.43E-10,1.99E-06,-1.13E-11,4
1.753333333,0.680754119,0.494637519,0.150321866,0.960776685,1.807223964,0.18844787,0.009234458,0.000284946,4.81E-05,5.62E-09,4.57E-06,-4.33E-10,4
1.583596215,0.723971621,0.539593353,0.163544706,0.954099759,1.613385084,0.178271072,0.006098469,2.48E-06,1.85E-07,1.26E-13,1.41E-08,-2.82E-15,4
1.656593407,0.70281377,0.518269775,0.14721248,0.949769272,1.618195196,0.179357079,0.006092273,0.000172733,1.48E-05,6.93E-10,9.64E-07,2.85E-10,4
1.622395833,0.620190861,0.459658785,0.145112147,0.933752266,1.803237287,0.190073879,0.009332483,0.000188013,4.04E-05,3.43E-09,3.57E-06,7.80E-10,4
1.975683891,0.662999766,0.46473686,0.139383234,0.956790644,2.078912819,0.203912311,0.015354249,0.000111369,2.72E-05,1.47E-09,3.11E-06,-2.95E-10,4
1.780780781,0.649304448,0.469759102,0.146958347,0.960678977,1.779537445,0.190043526,0.009633946,0.000266369,4.26E-05,4.54E-09,4.09E-06,1.60E-10,4
1.954248366,0.693408857,0.487781143,0.143336003,0.961363034,1.971030572,0.198105123,0.013143868,0.000193639,2.57E-05,1.55E-09,1.90E-06,-9.47E-10,4
1.702412869,0.63928775,0.468174492,0.147032215,0.958320675,1.723888284,0.185359786,0.007799788,0.000267886,4.51E-05,4.94E-09,3.89E-06,3.31E-10,4
1.75,0.689088099,0.500953347,0.164360344,0.973550361,1.757482217,0.18597662,0.008724263,0.000110931,1.52E-05,6.10E-10,1.25E-06,-1.29E-10,4
1.930379747,0.674102511,0.476069942,0.15239299,0.95888187,1.943204644,0.199379369,0.013505313,0.000141249,7.88E-06,5.26E-11,-1.97E-07,2.58E-10,4
1.891719745,0.674687426,0.479509135,0.144529739,0.96288928,1.845312786,0.191210721,0.010446918,0.000241389,4.38E-05,4.47E-09,4.35E-06,-4.71E-10,4
1.720689655,0.683881556,0.499430776,0.159447054,0.959753478,1.707442856,0.183408018,0.007761026,7.26E-05,1.04E-05,2.80E-10,8.30E-07,4.81E-11,4
1.412698413,0.618330585,0.47142649,0.141818769,0.938579771,1.390367719,0.170063585,0.002368067,0.000108764,8.82E-06,2.73E-10,4.15E-07,-1.69E-11,4
1.823129252,0.709805564,0.510088118,0.163869728,0.976959089,1.786054872,0.18726959,0.009456074,2.23E-05,4.51E-06,4.50E-11,4.20E-07,-4.78E-12,4
1.87987013,0.681049952,0.48496554,0.15139341,0.962289789,1.87850406,0.192083392,0.010782135,0.000216242,4.36E-05,4.23E-09,4.52E-06,1.01E-10,4
1.683890578,0.652741049,0.479374638,0.153233406,0.963753676,1.738587773,0.184905413,0.008011872,0.000173745,2.36E-05,1.47E-09,1.79E-06,3.53E-10,4
1.514285714,0.673247978,0.506644696,0.155235682,0.960462514,1.490066897,0.173798551,0.003916677,0.000206754,1.93E-05,1.21E-09,1.21E-06,-1.56E-10,4
1.73255814,0.663393337,0.483581829,0.153042584,0.968191597,1.764109629,0.18944151,0.008558704,0.000789676,0.000110532,3.26E-08,1.02E-05,-2.03E-09,4
1.855491329,0.717665622,0.513061296,0.149302993,0.965938148,1.844622743,0.194189417,0.011261234,0.000469259,7.31E-05,1.35E-08,7.71E-06,-5.94E-10,4
2.070110701,0.679456821,0.468810398,0.152389254,0.967844243,2.173686822,0.210493155,0.018206889,0.000353703,9.15E-05,1.64E-08,1.23E-05,8.35E-10,5
2.347639485,0.645514747,0.424825016,0.136064645,0.952856084,2.279610672,0.219500447,0.021913833,0.000254583,7.15E-05,9.61E-09,1.02E-05,-7.82E-10,5
2.015625,0.677802507,0.471963171,0.153986553,0.968139574,2.296108518,0.219885872,0.022426961,0.000122052,2.52E-05,1.27E-09,2.52E-06,5.75E-10,5
2.430278884,0.669136568,0.434172079,0.143101355,0.975157408,2.738729992,0.247276423,0.035385283,0.000222689,6.32E-05,7.11E-09,9.37E-06,-2.38E-09,5
2.76419214,0.651300041,0.399167927,0.124708359,0.951737938,2.682808452,0.247662692,0.034719767,0.000759638,0.000251058,1.07E-07,4.05E-05,-2.17E-08,5
2.246376812,0.719921043,0.48208042,0.163334564,0.973819194,2.251071013,0.215463101,0.020499865,0.000204458,2.13E-05,5.26E-10,9.54E-10,1.30E-09,5
2.746268657,0.728112157,0.44760336,0.138641371,0.971131307,2.721988387,0.247828957,0.035474713,0.00039282,0.000143734,3.40E-08,2.60E-05,3.72E-09,5
2.930693069,0.730319273,0.435205832,0.131778122,0.959941305,2.812967515,0.252106019,0.037510398,0.000286791,7.97E-05,1.14E-08,1.22E-05,-3.82E-09,5
2.524444444,0.715669014,0.456926731,0.140819947,0.966200799,2.543383309,0.236007699,0.029605227,0.00040166,0.000102408,1.97E-08,1.43E-05,-6.69E-09,5
2.349593496,0.680799364,0.447896363,0.142508677,0.953474514,2.334429876,0.223486192,0.023588928,0.000490882,0.000150953,4.11E-08,2.31E-05,1.40E-09,5
2.35,0.672964687,0.442711085,0.138891441,0.958777589,2.3908184,0.223555938,0.023972577,0.000265444,9.68E-05,1.55E-08,1.50E-05,3.46E-10,5
2.304878049,0.691594614,0.458499166,0.14434376,0.950820318,2.321256911,0.21957995,0.022026472,0.00020783,4.99E-05,4.78E-09,5.60E-06,-1.71E-09,5
1.911949686,0.646816038,0.458183429,0.148679553,0.95170981,2.164411811,0.20701057,0.016657085,0.000221163,6.33E-05,7.48E-09,8.04E-06,-3.71E-10,5
2.185654008,0.719914309,0.487096356,0.160183981,0.975470043,2.184604954,0.21112436,0.019039565,3.20E-05,2.23E-06,-5.84E-12,-1.80E-07,-1.80E-11,5
1.689419795,0.728961975,0.534903121,0.179659708,0.981160967,1.668692777,0.18159589,0.007234748,0.000111549,7.17E-06,1.07E-10,1.60E-07,1.72E-10,5
2.418181818,0.711765208,0.462791379,0.150891944,0.968702215,2.458999421,0.22914787,0.026961397,5.89E-06,1.25E-06,3.36E-12,2.03E-07,-2.63E-13,5
2.382352941,0.694470381,0.454330461,0.139739193,0.962824076,2.345342876,0.22258259,0.023401768,0.000389679,0.000120805,2.59E-08,1.74E-05,-3.85E-09,5
2.219123506,0.688356091,0.463094078,0.148632258,0.960314926,2.241974683,0.214041888,0.020000337,6.20E-05,1.38E-05,3.82E-10,1.45E-06,-1.33E-10,5
2.299539171,0.668664518,0.443703021,0.146238969,0.97304162,2.538100336,0.236580097,0.030452556,1.21E-06,5.95E-07,5.02E-13,8.91E-08,-6.36E-14,5
3.025641026,0.711955671,0.417590044,0.128632805,0.958965293,3.006600823,0.263332389,0.043417209,0.000359928,0.000143357,3.22E-08,2.76E-05,4.60E-09,5
2.828431373,0.69461294,0.421111067,0.135885394,0.972940007,2.829156408,0.254777386,0.038645732,0.000674458,0.000294764,1.31E-07,5.79E-05,4.64E-10,5
1.895652174,0.637958716,0.45311487,0.157616495,0.980437081,2.404040655,0.223886375,0.024586408,5.46E-05,1.83E-05,5.81E-10,2.86E-06,-2.04E-11,5
1.72260274,0.560731501,0.409375084,0.14207574,0.958408975,2.531883677,0.235494512,0.029664903,5.84E-05,2.02E-05,6.79E-10,3.05E-06,1.49E-10,5
2.1875,0.647420635,0.437909216,0.146263423,0.962253023,2.294369485,0.217221419,0.020354773,0.000660581,0.000162406,5.08E-08,1.90E-05,-1.58E-08,5
2.591666667,0.636130091,0.401497557,0.127283226,0.957799396,2.940604338,0.260658443,0.042130902,0.000238879,0.000116923,1.95E-08,2.37E-05,7.68E-10,5
1.471389646,0.595019679,0.450325409,0.149363793,0.968625889,2.10610315,0.208918284,0.017472566,0.00024783,3.05E-05,1.92E-09,1.42E-06,-1.83E-09,5
2.090909091,0.688024881,0.473060518,0.153123963,0.96587692,2.129670221,0.207874153,0.017304768,0.000185907,4.78E-05,4.45E-09,5.93E-06,6.80E-10,5
2.25862069,0.662238418,0.442527154,0.147715774,0.969706825,2.352293909,0.222142611,0.023274244,0.000355828,0.000113557,2.28E-08,1.73E-05,3.76E-10,5
2.250965251,0.726716425,0.486249295,0.151089314,0.970461299,2.220139258,0.21183411,0.019275499,5.47E-05,1.50E-05,4.30E-10,2.08E-06,-6.12E-12,5
2.679069767,0.665742087,0.413965227,0.128883563,0.953871518,2.61471346,0.240717234,0.032071681,0.00022721,9.89E-05,1.48E-08,1.77E-05,-9.46E-11,5
1.957364341,0.658553995,0.463023752,0.14524415,0.953292522,2.048792037,0.206500699,0.016339406,1.75E-05,3.12E-06,2.30E-11,3.84E-07,6.27E-13,6
1.608815427,0.477025076,0.354250602,0.122231928,0.964220332,2.942334815,0.268669959,0.046306316,7.51E-05,7.42E-06,-3.46E-11,-7.48E-07,-1.72E-10,6
2.254032258,0.507469415,0.339372123,0.116414549,0.953382165,3.269384753,0.29948327,0.063546648,9.39E-05,4.70E-05,3.11E-09,1.10E-05,2.46E-10,6
2.061983471,0.496062373,0.34274068,0.116603606,0.952254916,3.115822208,0.284265817,0.054374675,0.000347613,0.00014635,3.27E-08,3.10E-05,-4.15E-09,6
2.8,0.659043498,0.401471565,0.116336406,0.9438712,2.776198714,0.252462939,0.03782637,2.55E-05,9.98E-06,1.56E-10,1.63E-06,3.08E-11,6
2.139705882,0.670788483,0.45741628,0.138684386,0.954023143,2.288091275,0.220235525,0.022555208,5.73E-05,1.33E-05,3.51E-10,1.64E-06,1.03E-10,6
2.066914498,0.500063518,0.345218625,0.119239925,0.962964155,3.048744505,0.274393263,0.049024721,0.000262616,0.00014336,2.78E-08,3.17E-05,-1.86E-10,6
1.488764045,0.485626457,0.366699769,0.129383222,0.951712247,2.721018049,0.24651134,0.034411294,0.000437135,0.000134714,3.13E-08,1.94E-05,-9.35E-09,6
1.465053763,0.53411019,0.404558665,0.13969503,0.96479325,2.424866094,0.227585016,0.025852916,2.65E-05,2.69E-06,7.21E-12,-1.76E-08,2.16E-11,6
1.840336134,0.598849814,0.429166157,0.14067474,0.966983178,2.384739079,0.226972876,0.025289392,0.000400181,0.000141797,3.37E-08,2.21E-05,2.01E-09,6
2.486363636,0.652210404,0.419137843,0.139489862,0.966600574,2.545217761,0.239339427,0.03137057,8.74E-05,7.13E-06,-7.25E-11,-7.34E-07,-1.62E-10,6
2.510791367,0.660814042,0.422892243,0.13390324,0.958341119,2.389785455,0.22558763,0.025057505,2.06E-05,5.14E-06,5.08E-11,5.91E-07,1.47E-11,6
2.417040359,0.654762598,0.425811534,0.136599986,0.962520638,2.4311373,0.228367951,0.026002647,0.000229008,4.19E-05,3.39E-09,3.27E-06,2.30E-09,6
2.082352941,0.638451313,0.4396097,0.142425833,0.953972887,2.287737156,0.218964023,0.022079007,0.000131394,4.45E-05,3.39E-09,6.30E-06,-3.53E-10,6
1.207446809,0.425965414,0.331597864,0.123981804,0.962500165,2.807262269,0.266965943,0.045171312,1.32E-05,1.53E-06,1.98E-12,-4.70E-08,-6.56E-12,6
2.648648649,0.657351229,0.410873011,0.122885034,0.95214212,2.553757247,0.236892282,0.029904004,0.000225509,0.000101407,1.53E-08,1.74E-05,1.03E-10,6
1.612244898,0.628770918,0.466708328,0.156290898,0.965165142,2.14849858,0.2117342,0.019058713,4.50E-05,1.29E-05,3.06E-10,1.55E-06,-4.95E-11,6
1.621794872,0.560663069,0.415575873,0.110354256,0.963134242,2.29954545,0.226533592,0.025445178,1.61E-05,8.55E-06,1.00E-10,1.36E-06,-9.88E-13,6
2.183206107,0.639633267,0.432958365,0.137585216,0.95208204,2.205813521,0.214992634,0.019162991,0.000711659,0.0002178,8.50E-08,2.79E-05,-1.14E-08,6
1.519083969,0.589095286,0.443028752,0.151435837,0.973248095,2.220147326,0.218573138,0.021705541,0.00020571,5.01E-05,4.93E-09,6.12E-06,1.27E-09,6
2.358422939,0.670226384,0.440273258,0.138438858,0.956947977,2.298368515,0.217078414,0.021226422,0.000101748,3.81E-05,2.37E-09,5.49E-06,-1.06E-10,6
1.849056604,0.596588371,0.426945762,0.141433438,0.963298246,2.395642653,0.229180911,0.026612954,0.00010298,3.82E-05,2.40E-09,6.23E-06,-5.30E-11,6
2.525345622,0.595823943,0.380351599,0.119215567,0.953209294,2.976276932,0.278030066,0.050963816,0.00020785,9.82E-05,1.39E-08,2.05E-05,-1.64E-09,6
2.428571429,0.670631729,0.435269712,0.13566534,0.970996239,2.647623495,0.241575434,0.032179756,0.000451321,0.00010803,2.19E-08,1.35E-05,9.54E-09,6
2.292,0.631626527,0.419667361,0.135520525,0.959628581,2.418516931,0.226743276,0.025408979,8.90E-05,6.40E-06,-1.14E-10,-8.66E-07,1.01E-10,6
1.909698997,0.631688231,0.447632334,0.090958815,0.951384325,1.963504997,0.208229632,0.017235966,1.04E-05,2.68E-06,1.37E-11,3.06E-07,-3.71E-12,6
1.980487805,0.470719692,0.329692991,0.114706571,0.957031536,3.115028205,0.28878402,0.056677415,0.000274492,8.43E-05,1.22E-08,1.40E-05,4.11E-09,6
1.90070922,0.697675188,0.495119968,0.157504755,0.966014748,1.922353458,0.194891799,0.011993233,0.000230995,4.28E-05,4.19E-09,4.44E-06,-7.27E-10,6
2.167346939,0.617740882,0.419269605,0.137499479,0.964407003,2.437336438,0.231969245,0.027690484,0.000128658,4.39E-05,3.29E-09,6.96E-06,2.77E-10,6
2.231270358,0.67725576,0.454682441,0.140104073,0.964357173,2.392899432,0.22711934,0.025878359,4.78E-05,4.02E-06,-4.73E-12,-2.61E-07,5.56E-11,6
1.364269142,0.433497877,0.33238627,0.120122355,0.951605708,2.72804977,0.257705074,0.039766489,0.000117674,6.68E-05,5.92E-09,1.33E-05,2.33E-10,6
2.217948718,0.655114207,0.440818846,0.14571898,0.968278212,2.270614355,0.218527664,0.021753007,7.49E-05,2.98E-05,1.40E-09,4.39E-06,5.05E-11,6
2.00754717,0.607944389,0.423891386,0.143508219,0.964539326,2.362730645,0.224362729,0.024530903,7.38E-05,4.63E-06,-8.54E-11,-7.25E-07,-5.40E-12,6
2.074204947,0.550074945,0.379278102,0.125895998,0.953180171,2.645882887,0.242625613,0.032644799,0.000115533,1.87E-05,6.18E-10,8.73E-07,6.11E-10,6
1.394366197,0.472934984,0.361365771,0.12922519,0.955862394,2.633256633,0.247236235,0.03506201,8.36E-05,3.01E-05,1.48E-09,4.70E-06,-2.67E-10,6
1.291666667,0.473492018,0.365855924,0.131979909,0.968366946,2.785556833,0.253325687,0.038485852,8.03E-05,3.26E-05,1.66E-09,5.94E-06,-1.76E-10,6
2.129963899,0.667365233,0.455834337,0.141926296,0.937082494,2.1583192,0.206931517,0.016312089,0.000433052,0.000127149,2.98E-08,1.62E-05,1.15E-09,6
2.134020619,0.428056399,0.292176834,0.096332493,0.936177809,3.942501016,0.345059294,0.092736939,0.000767179,0.000416852,2.35E-07,0.000118109,-2.17E-08,6
2.654255319,0.654074106,0.40843387,0.129397314,0.96142396,2.546746999,0.240823555,0.031938195,8.76E-05,1.69E-05,5.22E-10,1.39E-06,-3.86E-10,6
1.222811671,0.370020771,0.28769361,0.106420188,0.932588425,3.288477072,0.297356624,0.062249807,8.29E-05,5.23E-05,3.44E-09,1.30E-05,6.66E-11,6
1.188432836,0.657414946,0.512504454,0.179232197,0.96722311,1.180348041,0.168963181,0.000375289,0.000819591,4.73E-06,2.64E-10,5.42E-08,-1.31E-10,7
1.155688623,0.664451753,0.519137143,0.183583733,0.95838171,1.161938408,0.166487388,0.000384454,0.000515913,7.37E-06,4.29E-10,1.11E-07,1.51E-10,7
1.51635514,0.712575422,0.536090079,0.190878352,0.985992214,1.608551474,0.176491291,0.004300277,0.000537843,3.40E-05,4.37E-09,2.08E-06,1.41E-09,7
1.139959432,0.667387915,0.521923109,0.193842016,0.969236737,1.182968658,0.165472822,0.000216754,0.000447094,4.15E-06,6.03E-11,3.96E-09,-1.68E-10,7
1.334448161,0.480672836,0.369770867,0.034703021,0.482082096,1.160101848,0.525009025,0.031967867,0.007533756,0.008502635,4.46E-05,0.000979282,-5.14E-05,7
1.1003861,0.644850301,0.505307337,0.183491355,0.973960172,1.108547167,0.168492128,0.0002051,0.000879097,4.80E-06,3.11E-10,5.62E-08,2.58E-11,7
1.12633452,0.671732079,0.525714767,0.182007762,0.968685522,1.131984482,0.166484345,9.15E-05,0.000642348,2.59E-06,8.63E-11,2.46E-08,6.13E-11,7
1.140625,0.679585496,0.531441755,0.183126502,0.963184077,1.106733362,0.167895719,0.000307039,0.000657274,1.04E-06,-1.67E-11,7.59E-09,-2.14E-11,7
1.253424658,0.694481872,0.538546164,0.183421838,0.981454817,1.330630532,0.172878698,0.002215332,0.000780441,2.42E-05,3.25E-09,1.04E-06,-7.30E-10,7
1.254278729,0.66322319,0.514266704,0.181997668,0.969157427,1.338796691,0.171687724,0.001256409,0.00093295,1.65E-05,2.01E-09,5.46E-07,3.88E-10,7
1.098646035,0.682228526,0.53463717,0.190184689,0.971835564,1.10587688,0.166767345,9.97E-05,0.000667415,2.24E-06,8.47E-11,2.05E-08,-1.76E-11,7
1.170263789,0.698470732,0.545201201,0.196526887,0.977299527,1.219279728,0.166991854,0.000694809,0.000530227,4.57E-06,1.05E-10,2.37E-08,-1.99E-10,7
1.295238095,0.687029499,0.530663699,0.191674378,0.981624153,1.314408366,0.170091852,0.001400049,0.000714556,1.06E-05,9.15E-10,3.95E-07,4.82E-11,7
1.215456674,0.662440832,0.515359073,0.184680524,0.969038787,1.229269112,0.167712669,0.000913026,0.000501402,3.41E-06,-1.20E-11,-6.29E-08,1.41E-10,7
1.759162304,0.714963538,0.5190213,0.187419668,0.985158267,1.716485353,0.186151942,0.008445985,0.000323685,3.93E-05,4.32E-09,3.45E-06,9.47E-10,7
1.103960396,0.730150846,0.57205902,0.203024892,0.975403881,1.095719376,0.164305575,0.000162766,0.000397704,2.54E-07,7.45E-13,-1.20E-09,2.44E-12,7
1.05955335,0.687905696,0.539828133,0.191131692,0.962770327,1.037572395,0.167384354,6.65E-05,0.000704734,1.35E-07,-1.25E-12,-5.94E-11,-3.90E-13,7
1.303571429,0.673271363,0.519602799,0.189645628,0.973721968,1.336615097,0.16921303,0.001363739,0.00057046,1.92E-05,1.98E-09,7.02E-07,-3.60E-10,7
1.224256293,0.663500075,0.51581449,0.187140381,0.972597629,1.240814186,0.167115058,0.001145581,0.000376219,6.73E-06,2.18E-10,5.96E-08,-2.60E-10,7
1.046610169,0.695464215,0.545933011,0.195546645,0.965401869,1.11558712,0.163511062,0.000331769,0.000130807,5.93E-07,2.85E-12,1.73E-09,4.37E-12,7
1.4,0.670451395,0.511944314,0.178983611,0.975812127,1.395235082,0.171347279,0.002013968,0.000621587,1.34E-05,9.30E-10,3.26E-07,7.92E-10,7
1.345047923,0.667655741,0.513022927,0.180264184,0.962213181,1.359715302,0.17053591,0.002124374,0.000445962,2.22E-05,2.17E-09,9.34E-07,-4.25E-10,7
1.307692308,0.668134748,0.515422883,0.181728084,0.963168289,1.314241585,0.169270741,0.00117967,0.000606317,1.61E-05,1.59E-09,5.36E-07,1.35E-10,7
1.297968397,0.668605359,0.51629241,0.177288628,0.968743868,1.298873421,0.168355165,0.001090831,0.000538627,1.11E-05,8.53E-10,3.66E-07,-1.14E-10,7
1.208333333,0.700966859,0.545638314,0.197468299,0.983217508,1.217940838,0.168589144,0.001159303,0.000590781,1.22E-05,9.50E-10,3.89E-07,-4.09E-10,7
1.041214751,0.711833424,0.558844736,0.194220286,0.967480299,1.011589331,0.164288974,2.39E-05,0.000391702,4.65E-07,-3.73E-12,-2.19E-09,5.04E-12,7
1.187179487,0.72998837,0.569132452,0.200429454,0.984090485,1.202617226,0.165291807,0.000536378,0.000422417,1.89E-06,2.46E-11,2.10E-08,-4.76E-11,7
1.133603239,0.701371819,0.548696183,0.198876651,0.977808407,1.125107254,0.165765947,0.000291057,0.000529494,4.14E-07,-5.47E-12,-5.89E-09,2.76E-12,7
1.027559055,0.667558527,0.524202378,0.190756347,0.965099606,1.029263222,0.16622221,0.000151112,0.000546955,2.57E-07,-3.00E-12,-1.36E-09,-5.75E-13,7
1.285340314,0.713705335,0.551804431,0.202298711,0.987711163,1.256757829,0.166009025,0.00126758,0.000266702,5.85E-06,2.25E-10,2.08E-07,-5.15E-11,7
1.044,0.701760536,0.550906036,0.184043474,0.953876239,1.029581281,0.168650557,3.86E-05,0.000715359,2.78E-06,-1.24E-10,-1.10E-08,5.53E-12,7
1.14973262,0.628964059,0.491590705,0.186582329,0.959568171,1.123049136,0.165254121,0.000200029,0.000392579,1.74E-06,4.52E-11,3.14E-09,4.56E-12,7
1.100686499,0.696739249,0.545960597,0.185353617,0.947768462,1.083645426,0.166721196,0.000140949,0.000527898,2.13E-07,1.79E-12,1.31E-09,1.39E-12,7
1.07239819,0.648323692,0.508570809,0.191110806,0.957931929,1.019037855,0.165947229,9.76E-05,0.000538541,7.87E-08,-4.32E-13,-4.05E-10,2.76E-13,7
1.138053097,0.675730467,0.528504787,0.182658419,0.955673165,1.123851621,0.167485669,9.24E-05,0.00069294,1.11E-06,6.71E-12,3.37E-09,-3.02E-11,7
1.111111111,0.686991346,0.538067111,0.18899902,0.970612392,1.103610665,0.164614984,0.000111332,0.000394127,5.04E-07,6.66E-12,2.37E-09,2.48E-12,7
1.464367816,0.607688699,0.460330924,0.157457921,0.938136346,1.539391917,0.179024242,0.002544194,0.001411264,7.24E-05,2.31E-08,3.65E-06,9.72E-10,7
1.443418014,0.686170901,0.521169207,0.175610429,0.962359684,1.378482606,0.171419002,0.002086938,0.000502646,1.16E-05,8.78E-10,5.28E-07,-6.40E-11,7
1.095808383,0.699044534,0.547880936,0.182472589,0.956565109,1.056301202,0.165788282,9.31E-05,0.000425575,4.93E-08,-1.82E-13,1.25E-10,-1.34E-13,7
1.367346939,0.723299372,0.554399544,0.205114047,0.991563339,1.372172826,0.168297728,0.002307037,0.000221994,8.18E-06,3.44E-10,3.87E-07,-5.52E-11,7
1.262032086,0.711303589,0.551160071,0.203293309,0.987185031,1.227850925,0.164222771,0.001053872,0.000128864,2.87E-06,5.49E-11,9.00E-08,-6.88E-12,7
1.491638796,0.688074598,0.519372439,0.196208776,0.991463843,1.544926485,0.17654389,0.005084884,0.000228753,2.03E-05,1.37E-09,1.44E-06,-1.46E-10,7
1.104046243,0.65792385,0.515468589,0.175134892,0.93689561,1.096954929,0.170450848,2.69E-05,0.000832345,2.69E-06,1.71E-11,9.61E-09,-1.26E-10,7
1.141772152,0.676808218,0.529234817,0.195591525,0.980467098,1.15384057,0.164766574,0.000202508,0.000463697,3.52E-06,1.42E-10,4.92E-08,-6.83E-12,7
1.180094787,0.685288548,0.534551418,0.196073148,0.979427716,1.12225634,0.163499446,0.000269968,0.000263034,3.76E-06,1.12E-10,5.43E-08,3.85E-11,7
1.087527352,0.723586596,0.567304496,0.19835492,0.976436828,1.08656024,0.16376725,0.0001066,0.000384931,2.56E-07,1.21E-12,-4.90E-10,2.23E-12,7
1.334448161,0.536399527,0.412640164,0.043692526,0.564890011,1.149659424,0.376793534,0.017621866,0.01013321,0.006409751,3.01E-05,0.000524622,4.19E-05,7
1.09631728,0.702114032,0.550274967,0.194106583,0.964760612,1.059036165,0.16462212,8.12E-05,0.000421093,3.03E-07,3.41E-12,1.38E-09,1.83E-13,7
1.392649903,0.619786965,0.473670078,0.168362159,0.950473981,1.372253326,0.172525434,0.001599892,0.000828276,3.45E-05,5.84E-09,1.33E-06,2.56E-10,7
1.156950673,0.714699134,0.558351317,0.201193737,0.980953829,1.168612829,0.164524641,0.000432438,0.000379828,1.49E-06,3.47E-11,2.77E-08,-7.19E-12,7
1.260089686,0.672486156,0.521174707,0.187544408,0.965542129,1.239469209,0.168211365,0.000668381,0.000609129,2.56E-06,9.90E-11,5.55E-08,2.00E-11,7
1.312056738,0.691457415,0.533176441,0.180931369,0.972921461,1.294865488,0.170957947,0.001553109,0.000670403,1.15E-05,1.00E-09,4.38E-07,-8.39E-11,7
1.307304786,0.699198711,0.539408032,0.200514279,0.987240195,1.288243828,0.166790798,0.001426737,0.000317524,6.36E-06,2.72E-10,2.06E-07,8.76E-11,7
1.2593361,0.662922884,0.513798526,0.176417872,0.970529439,1.247183288,0.170874884,0.001023606,0.000784453,8.27E-06,5.00E-10,2.15E-07,-4.40E-10,7
1.158018868,0.681238712,0.532174857,0.192492952,0.972616174,1.15454128,0.164496194,0.000441981,0.000350545,1.06E-06,-1.86E-11,-1.76E-08,-8.57E-12,7
1.103950104,0.671118315,0.52580842,0.190619751,0.967240635,1.07606086,0.165136787,3.07E-06,0.000519149,3.88E-07,5.00E-12,4.04E-10,2.29E-12,7
1.214123007,0.708297897,0.551093165,0.194723021,0.978026744,1.218301278,0.167108441,0.000783012,0.000504942,2.66E-06,7.28E-11,4.21E-08,-6.46E-11,7
1.203821656,0.698858296,0.544187118,0.195530766,0.974162904,1.154135721,0.163858113,0.000292632,0.000292882,2.46E-06,6.48E-11,3.99E-08,-1.20E-11,7
1.241545894,0.63392639,0.492103226,0.176653204,0.959557555,1.205158971,0.167918946,0.000334831,0.00072582,8.93E-06,6.95E-10,1.63E-07,1.85E-10,7
1.465437788,0.635316132,0.481192717,0.163846943,0.949406494,1.491635359,0.176989845,0.002604377,0.001119161,5.31E-05,1.27E-08,2.67E-06,-2.50E-09,7
1.19266055,0.665860974,0.518928452,0.181024804,0.959418365,1.204532707,0.170739153,0.000338742,0.001014066,4.04E-06,2.46E-10,6.46E-08,-8.14E-11,7
1.105405405,0.720755964,0.564661573,0.206820827,0.985966038,1.097409621,0.164205747,0.000208226,0.000415906,3.86E-07,1.16E-13,-1.65E-09,-4.90E-12,7
1.334448161,0.487172153,0.374770646,0.040311495,0.513157241,1.166508302,0.450798434,0.026286397,0.014329824,0.008668823,6.32E-05,0.001055239,7.31E-05,7
1.128820961,0.650572669,0.509087551,0.171317829,0.938115262,1.135854438,0.172839059,0.000146626,0.001100585,2.92E-06,1.65E-10,2.47E-08,-1.47E-11,7
1.334448161,0.508841083,0.391440069,0.049368605,0.544913311,1.071419236,0.377315111,0.011377621,0.015988913,0.012100569,0.000150214,0.001112323,7.59E-05,7
1.157894737,0.697680383,0.545023154,0.194502702,0.979540618,1.118056623,0.164617988,0.000192038,0.000429982,1.27E-06,2.33E-11,1.42E-08,1.84E-11,7
1.42074928,0.680875192,0.518603216,0.186326705,0.974845899,1.439507357,0.170852807,0.002137549,0.000517079,2.32E-05,2.46E-09,1.04E-06,-5.87E-10,7
1.103157895,0.691191241,0.541554313,0.197174066,0.969662383,1.080388101,0.163271983,2.50E-05,0.000281637,3.79E-07,3.72E-12,1.22E-09,-1.26E-12,7
1.289473684,0.625671321,0.483545441,0.177475521,0.949305445,1.28426848,0.168891138,0.000601354,0.00068818,2.13E-05,2.47E-09,5.21E-07,-7.38E-10,7
1.236893204,0.702338023,0.545428411,0.19230014,0.975364589,1.170543567,0.166054469,0.000607627,0.000461341,3.00E-06,1.11E-10,7.33E-08,1.28E-11,7
1.580174927,0.524757135,0.391304724,0.142971311,0.946989075,2.197457516,0.212879082,0.018139055,0.000558453,0.000101212,2.14E-08,7.52E-06,1.11E-08,8
2.576923077,0.647522603,0.409719901,0.135894117,0.967837512,2.704990701,0.241446749,0.031208954,0.001119042,0.000510306,3.86E-07,8.99E-05,-8.36E-09,8
1.811518325,0.545524014,0.392757639,0.141920256,0.94536515,2.426048059,0.242542792,0.03103706,0.001560981,0.000696792,7.26E-07,0.000122747,2.92E-08,8
1.773279352,0.616050136,0.446227007,0.155061289,0.947451471,1.777094666,0.189043216,0.008731784,0.000399855,5.94E-05,8.83E-09,4.65E-06,-2.40E-09,8
2.923529412,0.610983548,0.364529795,0.120153886,0.938189484,2.951424029,0.269337506,0.045061509,0.00148769,0.00076977,8.23E-07,0.000161567,-3.42E-08,8
1.994652406,0.630076988,0.440268765,0.151261676,0.943779326,2.087772366,0.207058495,0.015612464,0.000621746,0.000179704,6.01E-08,2.24E-05,9.63E-10,8
1.9004329,0.652816811,0.463306184,0.154663117,0.944656107,1.861771583,0.191888833,0.010414108,0.000157631,4.01E-05,3.19E-09,3.93E-06,-1.02E-10,8
1.810408922,0.677125715,0.48759229,0.166521766,0.966306639,1.774677008,0.188620071,0.00902341,0.00036846,6.96E-05,1.11E-08,6.61E-06,-3.86E-11,8
2.461538462,0.66592228,0.429775567,0.144661899,0.952882032,2.327279388,0.222263239,0.022441335,0.000645114,0.000152195,4.47E-08,1.65E-05,-1.66E-08,8
1.398373984,0.633455048,0.483788121,0.170812339,0.956088643,1.668839013,0.182525988,0.007037779,9.56E-05,1.65E-05,6.55E-10,1.38E-06,3.73E-11,8
1.023648649,0.510285657,0.400722685,0.149146095,0.952526146,2.174197442,0.212670388,0.018571148,0.000295987,6.53E-05,8.73E-09,7.04E-06,2.51E-09,8
1.613888889,0.495438898,0.367654055,0.137298686,0.944837521,2.392140589,0.22034309,0.021377321,0.000683196,0.000177712,6.06E-08,2.19E-05,-1.27E-08,8
2.058181818,0.66287504,0.458288197,0.148689434,0.941425782,1.996685162,0.197520491,0.012230248,0.00039466,8.57E-05,1.56E-08,8.67E-06,1.98E-09,8
2.209923664,0.600752812,0.404793517,0.135355125,0.932016097,2.334830899,0.218106882,0.019547162,0.001296191,0.000491722,3.92E-07,6.87E-05,2.01E-08,8
2.8,0.641182969,0.390591411,0.123769037,0.930864944,2.602674884,0.243741676,0.032095448,0.00086937,0.000288948,1.42E-07,4.40E-05,-2.65E-08,8
2.264367816,0.594167947,0.396650395,0.131679513,0.93257358,2.2673569,0.217598522,0.019408794,0.001278286,0.00047344,3.68E-07,6.60E-05,3.77E-09,8
1.833865815,0.626994022,0.449802912,0.138912995,0.931016955,1.777370074,0.186691278,0.008015705,0.000344323,6.62E-05,9.98E-09,5.90E-06,3.78E-10,8
2.357933579,0.651236653,0.427834766,0.134301999,0.940884953,2.28105565,0.219768406,0.021462947,0.000262879,8.11E-05,1.15E-08,9.06E-06,3.00E-09,8
2.088803089,0.607376587,0.417758192,0.143496135,0.946257721,2.129312617,0.209208447,0.01647297,0.00062424,0.00020954,7.57E-08,2.69E-05,3.05E-09,8
2.063758389,0.605161783,0.417995101,0.137338178,0.940607747,2.036042249,0.203014174,0.013331665,0.001044845,0.000295442,1.64E-07,3.41E-05,-1.96E-09,8
1.557647059,0.569431313,0.425970035,0.144752482,0.911298694,1.385153732,0.173819666,0.002811237,0.000396902,2.12E-05,1.50E-09,7.01E-07,-1.23E-09,9
1.674358974,0.633423646,0.465857741,0.151988807,0.937054894,1.651509829,0.185116753,0.006813154,0.000563017,6.05E-05,9.91E-09,4.43E-06,-5.15E-09,9
1.45751634,0.605974677,0.459435926,0.165591419,0.948514738,1.508482344,0.178126516,0.003771273,0.000745103,7.03E-05,1.38E-08,3.23E-06,8.21E-09,9
1.316195373,0.610288801,0.470386938,0.17088794,0.941153697,1.317647228,0.171050835,0.001523348,0.000600054,3.32E-05,3.62E-09,6.63E-07,2.96E-09,9
1.296296296,0.634447888,0.489997945,0.171436339,0.949776205,1.31897373,0.168061721,0.001160214,0.000385529,1.98E-05,1.44E-09,4.59E-07,9.66E-10,9
1.530120482,0.618400768,0.46436889,0.169351682,0.961129798,1.50945872,0.174455751,0.003664738,0.000313697,3.30E-05,3.17E-09,1.82E-06,-1.08E-09,9
1.645454545,0.591023495,0.436555938,0.159052178,0.953197636,1.674653777,0.18745948,0.007260068,0.000818028,6.32E-05,1.18E-08,2.94E-06,-8.19E-09,9
1.536809816,0.641832899,0.481522022,0.167682262,0.95452207,1.493401331,0.17569381,0.003829339,0.000439716,4.88E-05,6.98E-09,2.96E-06,-1.57E-09,9
1.468144044,0.653606335,0.494873033,0.169392159,0.962002092,1.431918698,0.17100111,0.002624387,0.000317517,2.06E-05,1.58E-09,8.93E-07,5.41E-10,9
1.468292683,0.686141723,0.519496976,0.162964518,0.962979916,1.68195067,0.184085397,0.006871624,0.000509844,7.13E-05,1.30E-08,5.37E-06,-3.84E-09,9
2.360655738,0.69761427,0.458088969,0.139910182,0.957774891,2.308953294,0.22185699,0.02266582,0.000621322,0.0001661,5.33E-08,2.49E-05,-2.08E-09,9
1.524861878,0.675779686,0.507820539,0.169020618,0.973962653,1.703044671,0.184450536,0.007808411,0.000239144,3.64E-05,3.39E-09,3.21E-06,-1.61E-11,9
1.52722063,0.57688007,0.433362047,0.155694224,0.942679943,1.554233366,0.181864997,0.004465903,0.000907961,0.000102056,2.97E-08,5.56E-06,9.08E-09,9
2.061611374,0.63520183,0.438902738,0.151222038,0.954346794,2.098862393,0.206033335,0.015059945,0.000840802,0.00023667,1.05E-07,2.87E-05,-1.33E-08,9
1.451895044,0.621916236,0.471860082,0.17599776,0.952428769,1.479957707,0.175105026,0.002987663,0.000593037,4.18E-05,5.02E-09,1.02E-06,4.26E-09,9
1.623342175,0.641088487,0.475081413,0.161147807,0.972670571,1.773502687,0.191140978,0.009682727,0.000497413,9.75E-05,2.14E-08,9.46E-06,1.16E-09,9
1.41031941,0.639081749,0.487387711,0.171187943,0.959743127,1.41256015,0.170045452,0.002081602,0.000336565,1.99E-05,1.36E-09,5.61E-07,-8.96E-10,9
1.716253444,0.649306431,0.474504591,0.159544412,0.949360746,1.734099804,0.182273901,0.00684475,0.000250335,3.60E-05,3.22E-09,2.46E-06,1.16E-09,9
1.005449591,0.656875125,0.515904707,0.173376334,0.952429898,1.432269585,0.176467037,0.0037316,0.000568869,5.99E-05,1.07E-08,3.26E-06,-2.82E-09,9
1.369863014,0.654126027,0.501235655,0.162215898,0.952923756,1.623718562,0.18521954,0.006974404,0.000420135,7.83E-05,1.34E-08,5.73E-06,-4.66E-09,9
1.397058824,0.669551084,0.511435534,0.172535139,0.965214519,1.494559688,0.172646951,0.00217766,0.000719933,3.90E-05,6.34E-09,1.76E-06,-1.54E-09,9
1.757763975,0.633614446,0.460067245,0.164616956,0.951967783,1.787504401,0.186594697,0.008077786,0.000331852,5.68E-05,7.20E-09,4.00E-06,3.01E-09,9
1.656891496,0.646827395,0.476963021,0.167761712,0.963529666,1.621858602,0.178690174,0.005472069,0.000291809,3.59E-05,3.66E-09,2.54E-06,4.10E-10,9
1.629508197,0.641854405,0.475219103,0.173115476,0.960492608,1.555135737,0.1779841,0.005376163,0.000143101,2.41E-05,1.40E-09,1.76E-06,1.68E-10,9
1.865979381,0.634818021,0.453064294,0.159542452,0.959123962,1.872193158,0.193424048,0.010160344,0.00068166,0.000147971,4.68E-08,1.48E-05,4.26E-09,9
1.341176471,0.603097028,0.463612018,0.055705617,0.662607655,1.300165465,0.33910697,0.018942163,0.006160029,0.001011316,1.20E-06,6.97E-05,-2.22E-06,9
1.009478673,0.754544645,0.592604793,0.203672497,0.977808534,1.083707911,0.160955482,0.000162036,5.73E-05,8.59E-08,-4.23E-14,1.02E-09,1.86E-13,10
1.013636364,0.763412148,0.599555002,0.199436082,0.968772835,1.060217105,0.160917652,9.30E-05,2.07E-05,2.11E-07,-3.91E-13,-1.70E-09,-2.04E-13,10
1.140692641,0.761531005,0.595521534,0.198344707,0.970776645,1.147441766,0.161757135,0.000461898,1.01E-05,3.27E-07,-5.51E-13,-7.03E-09,2.21E-13,10
1.113163972,0.743934051,0.582608822,0.199956513,0.974627367,1.147231411,0.161437631,0.000470976,4.81E-06,7.19E-08,-4.21E-14,-1.00E-09,-3.48E-15,10
1.181564246,0.763943368,0.595843717,0.194678789,0.966187973,1.137629606,0.1633276,0.000518927,9.61E-05,1.92E-06,9.62E-12,-7.63E-09,2.43E-11,10
1.039473684,0.775288696,0.608682215,0.206279817,0.979037403,1.238509375,0.164265027,0.001104218,0.000100461,3.94E-07,1.71E-13,-2.78E-09,-2.47E-12,10
1.051660517,0.758911115,0.595669487,0.211387699,0.984670822,1.073999896,0.160612142,8.66E-05,7.34E-05,2.18E-07,4.69E-13,1.62E-09,-7.33E-13,10
1.074733096,0.738127784,0.578972024,0.208997102,0.983668085,1.117207062,0.161186926,0.00026427,7.39E-05,5.08E-07,-9.84E-13,-3.86E-09,2.96E-12,10
1.018867925,0.748383997,0.587728078,0.209612097,0.97660678,1.050350646,0.160054102,9.14E-05,2.29E-06,7.29E-08,-2.54E-14,-6.97E-10,1.55E-14,10
1.04778157,0.775805716,0.608984646,0.207608081,0.97885457,1.073068285,0.161062448,0.000106437,8.31E-05,3.69E-07,1.93E-12,3.68E-09,-6.83E-13,10
1.072847682,0.743466056,0.583195688,0.203996213,0.976479888,1.117205708,0.161218812,0.0003115,5.29E-05,3.59E-07,-1.56E-12,-6.13E-09,-2.85E-14,10
1.128878282,0.748727212,0.585893858,0.196400688,0.978467361,1.177313377,0.162349068,0.000617606,6.77E-05,5.00E-07,-2.26E-12,-9.83E-09,1.84E-12,10
1.148230089,0.752981823,0.588574847,0.197347567,0.977669849,1.185295515,0.162436219,0.000800977,4.07E-06,6.71E-08,-1.36E-14,1.08E-09,-3.24E-14,10
1.148148148,0.751523907,0.587438146,0.198295729,0.97831331,1.197007782,0.162640038,0.000737389,5.77E-05,5.18E-07,-2.12E-12,-1.08E-08,1.87E-12,10
1.334448161,0.605659215,0.465920094,0.047039346,0.607434916,1.11767303,0.398030373,0.021334371,0.00031637,0.000468911,9.28E-08,8.83E-06,1.55E-07,10
1.143529412,0.715192447,0.559192371,0.198246099,0.969374631,1.205836317,0.164229612,0.001114367,3.54E-05,3.98E-07,-1.38E-12,-1.25E-08,5.77E-13,10
1.133484163,0.749731307,0.586532563,0.196242016,0.977192063,1.191740057,0.162161397,0.000766044,7.62E-06,7.08E-08,3.45E-14,1.78E-09,3.88E-14,10
1.059734513,0.759496185,0.596005209,0.208708952,0.978797493,1.116106066,0.161407926,0.000293151,5.85E-05,2.20E-07,-7.71E-13,-3.77E-09,-1.80E-13,10
1.112171838,0.747756768,0.585630415,0.200974549,0.972212511,1.178562507,0.162577883,0.000691101,3.66E-05,6.23E-07,-2.75E-12,-1.57E-08,1.14E-12,10
1.012987013,0.763469863,0.59960287,0.210132916,0.974567806,1.066751049,0.16142587,0.000125831,8.40E-05,7.58E-07,-6.01E-12,-7.93E-09,-7.02E-13,10
1.041753653,0.728308391,0.571772858,0.206282483,0.977028074,1.118495271,0.161916537,0.000469606,4.75E-05,2.59E-07,-8.59E-13,-4.76E-09,-2.97E-13,10
1.029612756,0.760585704,0.597235449,0.202058528,0.973165982,1.068919595,0.160458691,0.000104305,1.05E-05,1.73E-07,-1.72E-13,-5.38E-10,1.57E-13,10
